Workbook

Sheet AllLevels
A1: Key | B1: Skill | C1: Core | D1: Supp | E1: Core VITAL/10 | F1: Supp VITAL/10 | G1: Core dep | H1: Supp dep | I1: Core df | J1: Supp df | K1: Core V | L1: Supp V | M1: Core I | N1: Supp I | O1: Core T | P1: Supp T | Q1: Core A | R1: Supp A | S1: Core L | T1: Supp L | U1: Note
A2: A0|Vocabulary | B2: Vocabulary | C2: Learning Upgrade | D2: Jolly Phonics | E2: 8/10 | F2: 2/10 | G2: Mostly independent | H2: Mostly teacher-led | I2: Medium | J2: Low | K2: P | L2: N | M2: P | N2: N | O2: Y | P2: Y | Q2: Y | R2: N | S2: Y | T2: N | U2: Vocabulary at A0: core=Learning Upgrade, supp=Jolly Phonics. A0 Pre-emergent: phonics/pre-literacy only. No production expected. L1 essential. Teacher orchestrates all.
A3: A0|Listening | B3: Listening | C3: Learning Upgrade | D3: Flipgrid | E3: 8/10 | F3: 8/10 | G3: Mostly independent | H3: Mostly independent | I3: Medium | J3: Low | K3: P | L3: Y | M3: P | N3: Y | O3: Y | P3: Y | Q3: Y | R3: N | S3: Y | T3: Y | U3: Listening at A0: core=Learning Upgrade, supp=Flipgrid. A0 Pre-emergent: phonics/pre-literacy only. No production expected. L1 essential. Teacher orchestrates all.
A4: A0|Speaking | B4: Speaking | C4: Flipgrid | D4: Duolingo | E4: 8/10 | F4: 6/10 | G4: Mostly independent | H4: Fully independent | I4: Low | J4: HIGH | K4: Y | L4: N | M4: Y | N4: Y | O4: Y | P4: P | Q4: N | R4: P | S4: Y | T4: Y | U4: Speaking at A0: core=Flipgrid, supp=Duolingo. A0 Pre-emergent: phonics/pre-literacy only. No production expected. L1 essential. Teacher orchestrates all.
A5: A0|Reading | B5: Reading | C5: Learning Upgrade | D5: Jolly Phonics | E5: 8/10 | F5: 2/10 | G5: Mostly independent | H5: Mostly teacher-led | I5: Medium | J5: Low | K5: P | L5: N | M5: P | N5: N | O5: Y | P5: Y | Q5: Y | R5: N | S5: Y | T5: N | U5: Reading at A0: core=Learning Upgrade, supp=Jolly Phonics. A0 Pre-emergent: phonics/pre-literacy only. No production expected. L1 essential. Teacher orchestrates all.
A6: A0|Writing | B6: Writing | C6: Learning Upgrade | D6: Duolingo | E6: 8/10 | F6: 6/10 | G6: Mostly independent | H6: Fully independent | I6: Medium | J6: HIGH | K6: P | L6: N | M6: P | N6: Y | O6: Y | P6: P | Q6: Y | R6: P | S6: Y | T6: Y | U6: Writing at A0: core=Learning Upgrade, supp=Duolingo. A0 Pre-emergent: phonics/pre-literacy only. No production expected. L1 essential. Teacher orchestrates all.
A7: A0|Grammar | B7: Grammar | C7: Learning Upgrade | D7: Jolly Phonics | E7: 8/10 | F7: 2/10 | G7: Mostly independent | H7: Mostly teacher-led | I7: Medium | J7: Low | K7: P | L7: N | M7: P | N7: N | O7: Y | P7: Y | Q7: Y | R7: N | S7: Y | T7: N | U7: Grammar at A0: core=Learning Upgrade, supp=Jolly Phonics. A0 Pre-emergent: phonics/pre-literacy only. No production expected. L1 essential. Teacher orchestrates all.
A8: A1−|Vocabulary | B8: Vocabulary | C8: Learning Upgrade | D8: Off2Class | E8: 8/10 | F8: 8/10 | G8: Mostly independent | H8: Blended | I8: Medium | J8: Low | K8: P | L8: Y | M8: P | N8: P | O8: Y | P8: P | Q8: Y | R8: Y | S8: Y | T8: Y | U8: Vocabulary at A1−: core=Learning Upgrade, supp=Off2Class. Minus: heavy scaffolding. A-band: heavy scaffolding required. Sentence frames visible. No tool runs unsupported.
A9: A1−|Listening | B9: Listening | C9: Learning Upgrade | D9: Off2Class | E9: 8/10 | F9: 8/10 | G9: Mostly independent | H9: Blended | I9: Medium | J9: Low | K9: P | L9: Y | M9: P | N9: P | O9: Y | P9: P | Q9: Y | R9: Y | S9: Y | T9: Y | U9: Listening at A1−: core=Learning Upgrade, supp=Off2Class. Minus: heavy scaffolding. A-band: heavy scaffolding required. Sentence frames visible. No tool runs unsupported.
A10: A1−|Speaking | B10: Speaking | C10: Elsaspeak | D10: Off2Class | E10: 8/10 | F10: 8/10 | G10: Mostly independent | H10: Blended | I10: Low | J10: Low | K10: P | L10: Y | M10: Y | N10: P | O10: Y | P10: P | Q10: P | R10: Y | S10: Y | T10: Y | U10: Speaking at A1−: core=Elsaspeak, supp=Off2Class. Minus: heavy scaffolding. A-band: heavy scaffolding required. Sentence frames visible. No tool runs unsupported.
A11: A1−|Reading | B11: Reading | C11: Learning Upgrade | D11: Off2Class | E11: 8/10 | F11: 8/10 | G11: Mostly independent | H11: Blended | I11: Medium | J11: Low | K11: P | L11: Y | M11: P | N11: P | O11: Y | P11: P | Q11: Y | R11: Y | S11: Y | T11: Y | U11: Reading at A1−: core=Learning Upgrade, supp=Off2Class. Minus: heavy scaffolding. A-band: heavy scaffolding required. Sentence frames visible. No tool runs unsupported.
A12: A1−|Writing | B12: Writing | C12: Learning Upgrade | D12: Off2Class | E12: 8/10 | F12: 8/10 | G12: Mostly independent | H12: Blended | I12: Medium | J12: Low | K12: P | L12: Y | M12: P | N12: P | O12: Y | P12: P | Q12: Y | R12: Y | S12: Y | T12: Y | U12: Writing at A1−: core=Learning Upgrade, supp=Off2Class. Minus: heavy scaffolding. A-band: heavy scaffolding required. Sentence frames visible. No tool runs unsupported.
... A133: C1+|Grammar | B133: Grammar | C133: Nearpod | D133: Off2Class | E133: 8/10 | F133: 8/10 | G133: Fully teacher-led | H133: Blended | I133: Low | J133: Low | K133: Y | L133: Y | M133: P | N133: P | O133: Y | P133: P | Q133: Y | R133: Y | S133: P | T133: Y | U133: Grammar at C1+: core=Nearpod, supp=Off2Class. Plus: withdraw scaffolds. C1-band: metalinguistic reflection. Teacher as coach only.

Sheet LevelData
A1: Level | B1: Score band | C1: CEFR status
A2: A0 | B2: Pre-emergent | C2: Non-CEFR (school-defined)
A3: A1− | B3: Up to 33% | C3: Standard CEFR
A4: A1 | B4: 34%–66% | C4: Standard CEFR
A5: A1+ | B5: 67%–100% | C5: Standard CEFR
A6: A2− | B6: Up to 33% | C6: Standard CEFR
A7: A2 | B7: 34%–66% | C7: Standard CEFR
A8: A2+ | B8: 67%–100% | C8: Standard CEFR
A9: B1− | B9: Up to 33% | C9: Standard CEFR
A10: B1 | B10: 34%–66% | C10: Standard CEFR
A11: B1+ | B11: 67%–100% | C11: Standard CEFR
A12: B1.5− | B12: Up to 33% | C12: Non-CEFR (school-defined)
... A23: C1+ | B23: 67%–100% | C23: Standard CEFR

Sheet Level Stack Engine
B2: VITAL Level Stack Engine — Select one CEFR sub-level → full recommended stack for all 6 skills
B3: 28 tools · 22-point scale (A0 + 21) · One dropdown updates all 6 skill rows simultaneously
B5: V = Visible learning | D5: I = Inclusive pedagogy | F5: T = Right technology | I5: A = Assessment for learning | L5: L = Learner agency | O5: 28 tools from uploaded workbook
B7: Select CEFR sub-level: | C7: A1− | E7: Score band: | F7: =IFERROR(VLOOKUP(C7,LevelData!A:B,2,0),"—") -> Up to 33% | G7: CEFR status: | H7: =IFERROR(VLOOKUP(C7,LevelData!A:C,3,0),"—") -> Standard CEFR
B9: Skill | C9: CORE TOOL | G9: SUPPLEMENTARY TOOL | K9: VITAL PILLAR COVERAGE | P9: Status | Q9: Teacher design required
C10: Tool name | D10: VITAL /10 | E10: Dependency | F10: Risk | G10: Tool name | H10: VITAL /10 | I10: Dependency | J10: Risk | K10: V | L10: I | M10: T | N10: A | O10: L
B11: Vocabulary | C11: {=IFERROR(INDEX(AllLevels!C:C,MATCH($C$7&"|"&"Vocabulary",AllLevels!A:A,0)),"—")} -> Learning Upgrade | D11: {=IFERROR(INDEX(AllLevels!E:E,MATCH($C$7&"|"&"Vocabulary",AllLevels!A:A,0)),"—")} -> 8/10 | E11: {=IFERROR(INDEX(AllLevels!G:G,MATCH($C$7&"|"&"Vocabulary",AllLevels!A:A,0)),"—")} -> Mostly independent | F11: {=IFERROR(INDEX(AllLevels!I:I,MATCH($C$7&"|"&"Vocabulary",AllLevels!A:A,0)),"—")} -> Medium | G11: {=IFERROR(INDEX(AllLevels!D:D,MATCH($C$7&"|"&"Vocabulary",AllLevels!A:A,0)),"—")} -> Off2Class | H11: {=IFERROR(INDEX(AllLevels!F:F,MATCH($C$7&"|"&"Vocabulary",AllLevels!A:A,0)),"—")} -> 8/10 | I11: {=IFERROR(INDEX(AllLevels!H:H,MATCH($C$7&"|"&"Vocabulary",AllLevels!A:A,0)),"—")} -> Blended | J11: {=IFERROR(INDEX(AllLevels!J:J,MATCH($C$7&"|"&"Vocabulary",AllLevels!A:A,0)),"—")} -> Low | K11: {=IFERROR(IF(INDEX(AllLevels!K:K,MATCH($C$7&"|"&"Vocabulary",AllLevels!A:A,0))="Y","✓",IF(INDEX(AllLevels!L:L,MATCH($C$7&"|"&"Vocabulary",AllLevels!A:A,0))="Y","✓",IF(OR(INDEX(AllLevels!K:K,MATCH($C$7&"|"&"Vocabulary",AllLevels!A:A,0))="P",INDEX(AllLevels!L:L,MATCH($C$7&"|"&"Vocabulary",AllLevels!A:A,0))="P"),"~","⚠"))),"—")} -> ✓ | L11: {=IFERROR(IF(INDEX(AllLevels!M:M,MATCH($C$7&"|"&"Vocabulary",AllLevels!A:A,0))="Y","✓",IF(INDEX(AllLevels!N:N,MATCH($C$7&"|"&"Vocabulary",AllLevels!A:A,0))="Y","✓",IF(OR(INDEX(AllLevels!M:M,MATCH($C$7&"|"&"Vocabulary",AllLevels!A:A,0))="P",INDEX(AllLevels!N:N,MATCH($C$7&"|"&"Vocabulary",AllLevels!A:A,0))="P"),"~","⚠"))),"—")} -> ~ | M11: {=IFERROR(IF(INDEX(AllLevels!O:O,MATCH($C$7&"|"&"Vocabulary",AllLevels!A:A,0))="Y","✓",IF(INDEX(AllLevels!P:P,MATCH($C$7&"|"&"Vocabulary",AllLevels!A:A,0))="Y","✓",IF(OR(INDEX(AllLevels!O:O,MATCH($C$7&"|"&"Vocabulary",AllLevels!A:A,0))="P",INDEX(AllLevels!P:P,MATCH($C$7&"|"&"Vocabulary",AllLevels!A:A,0))="P"),"~","⚠"))),"—")} -> ✓ | N11: {=IFERROR(IF(INDEX(AllLevels!Q:Q,MATCH($C$7&"|"&"Vocabulary",AllLevels!A:A,0))="Y","✓",IF(INDEX(AllLevels!R:R,MATCH($C$7&"|"&"Vocabulary",AllLevels!A:A,0))="Y","✓",IF(OR(INDEX(AllLevels!Q:Q,MATCH($C$7&"|"&"Vocabulary",AllLevels!A:A,0))="P",INDEX(AllLevels!R:R,MATCH($C$7&"|"&"Vocabulary",AllLevels!A:A,0))="P"),"~","⚠"))),"—")} -> ✓ | O11: {=IFERROR(IF(INDEX(AllLevels!S:S,MATCH($C$7&"|"&"Vocabulary",AllLevels!A:A,0))="Y","✓",IF(INDEX(AllLevels!T:T,MATCH($C$7&"|"&"Vocabulary",AllLevels!A:A,0))="Y","✓",IF(OR(INDEX(AllLevels!S:S,MATCH($C$7&"|"&"Vocabulary",AllLevels!A:A,0))="P",INDEX(AllLevels!T:T,MATCH($C$7&"|"&"Vocabulary",AllLevels!A:A,0))="P"),"~","⚠"))),"—")} -> ✓ | P11: =IF(=IFERROR(COUNTIF(K11:O11,"⚠"),0)=0,"✅ VITAL OK",IF(=IFERROR(COUNTIF(K11:O11,"⚠"),0)=1,"⚠ 1 gap","⛔ "&=IFERROR(COUNTIF(K11:O11,"⚠"),0)&" gaps")) -> #ERROR! | Q11: {=IFERROR(INDEX(AllLevels!U:U,MATCH($C$7&"|"&"Vocabulary",AllLevels!A:A,0)),"—")} -> Vocabulary at A1−: core=Learning Upgrade, supp=Off2Class. Minus: heavy scaffolding. A-band: heavy scaffolding required. Sentence frames visible. No tool runs unsupported.
B12: Listening | C12: {=IFERROR(INDEX(AllLevels!C:C,MATCH($C$7&"|"&"Listening",AllLevels!A:A,0)),"—")} -> Learning Upgrade | D12: {=IFERROR(INDEX(AllLevels!E:E,MATCH($C$7&"|"&"Listening",AllLevels!A:A,0)),"—")} -> 8/10 | E12: {=IFERROR(INDEX(AllLevels!G:G,MATCH($C$7&"|"&"Listening",AllLevels!A:A,0)),"—")} -> Mostly independent | F12: {=IFERROR(INDEX(AllLevels!I:I,MATCH($C$7&"|"&"Listening",AllLevels!A:A,0)),"—")} -> Medium | G12: {=IFERROR(INDEX(AllLevels!D:D,MATCH($C$7&"|"&"Listening",AllLevels!A:A,0)),"—")} -> Off2Class | H12: {=IFERROR(INDEX(AllLevels!F:F,MATCH($C$7&"|"&"Listening",AllLevels!A:A,0)),"—")} -> 8/10 | I12: {=IFERROR(INDEX(AllLevels!H:H,MATCH($C$7&"|"&"Listening",AllLevels!A:A,0)),"—")} -> Blended | J12: {=IFERROR(INDEX(AllLevels!J:J,MATCH($C$7&"|"&"Listening",AllLevels!A:A,0)),"—")} -> Low | K12: {=IFERROR(IF(INDEX(AllLevels!K:K,MATCH($C$7&"|"&"Listening",AllLevels!A:A,0))="Y","✓",IF(INDEX(AllLevels!L:L,MATCH($C$7&"|"&"Listening",AllLevels!A:A,0))="Y","✓",IF(OR(INDEX(AllLevels!K:K,MATCH($C$7&"|"&"Listening",AllLevels!A:A,0))="P",INDEX(AllLevels!L:L,MATCH($C$7&"|"&"Listening",AllLevels!A:A,0))="P"),"~","⚠"))),"—")} -> ✓ | L12: {=IFERROR(IF(INDEX(AllLevels!M:M,MATCH($C$7&"|"&"Listening",AllLevels!A:A,0))="Y","✓",IF(INDEX(AllLevels!N:N,MATCH($C$7&"|"&"Listening",AllLevels!A:A,0))="Y","✓",IF(OR(INDEX(AllLevels!M:M,MATCH($C$7&"|"&"Listening",AllLevels!A:A,0))="P",INDEX(AllLevels!N:N,MATCH($C$7&"|"&"Listening",AllLevels!A:A,0))="P"),"~","⚠"))),"—")} -> ~ | M12: {=IFERROR(IF(INDEX(AllLevels!O:O,MATCH($C$7&"|"&"Listening",AllLevels!A:A,0))="Y","✓",IF(INDEX(AllLevels!P:P,MATCH($C$7&"|"&"Listening",AllLevels!A:A,0))="Y","✓",IF(OR(INDEX(AllLevels!O:O,MATCH($C$7&"|"&"Listening",AllLevels!A:A,0))="P",INDEX(AllLevels!P:P,MATCH($C$7&"|"&"Listening",AllLevels!A:A,0))="P"),"~","⚠"))),"—")} -> ✓ | N12: {=IFERROR(IF(INDEX(AllLevels!Q:Q,MATCH($C$7&"|"&"Listening",AllLevels!A:A,0))="Y","✓",IF(INDEX(AllLevels!R:R,MATCH($C$7&"|"&"Listening",AllLevels!A:A,0))="Y","✓",IF(OR(INDEX(AllLevels!Q:Q,MATCH($C$7&"|"&"Listening",AllLevels!A:A,0))="P",INDEX(AllLevels!R:R,MATCH($C$7&"|"&"Listening",AllLevels!A:A,0))="P"),"~","⚠"))),"—")} -> ✓ | O12: {=IFERROR(IF(INDEX(AllLevels!S:S,MATCH($C$7&"|"&"Listening",AllLevels!A:A,0))="Y","✓",IF(INDEX(AllLevels!T:T,MATCH($C$7&"|"&"Listening",AllLevels!A:A,0))="Y","✓",IF(OR(INDEX(AllLevels!S:S,MATCH($C$7&"|"&"Listening",AllLevels!A:A,0))="P",INDEX(AllLevels!T:T,MATCH($C$7&"|"&"Listening",AllLevels!A:A,0))="P"),"~","⚠"))),"—")} -> ✓ | P12: =IF(=IFERROR(COUNTIF(K12:O12,"⚠"),0)=0,"✅ VITAL OK",IF(=IFERROR(COUNTIF(K12:O12,"⚠"),0)=1,"⚠ 1 gap","⛔ "&=IFERROR(COUNTIF(K12:O12,"⚠"),0)&" gaps")) -> #ERROR! | Q12: {=IFERROR(INDEX(AllLevels!U:U,MATCH($C$7&"|"&"Listening",AllLevels!A:A,0)),"—")} -> Listening at A1−: core=Learning Upgrade, supp=Off2Class. Minus: heavy scaffolding. A-band: heavy scaffolding required. Sentence frames visible. No tool runs unsupported.
B13: Speaking | C13: {=IFERROR(INDEX(AllLevels!C:C,MATCH($C$7&"|"&"Speaking",AllLevels!A:A,0)),"—")} -> Elsaspeak | D13: {=IFERROR(INDEX(AllLevels!E:E,MATCH($C$7&"|"&"Speaking",AllLevels!A:A,0)),"—")} -> 8/10 | E13: {=IFERROR(INDEX(AllLevels!G:G,MATCH($C$7&"|"&"Speaking",AllLevels!A:A,0)),"—")} -> Mostly independent | F13: {=IFERROR(INDEX(AllLevels!I:I,MATCH($C$7&"|"&"Speaking",AllLevels!A:A,0)),"—")} -> Low | G13: {=IFERROR(INDEX(AllLevels!D:D,MATCH($C$7&"|"&"Speaking",AllLevels!A:A,0)),"—")} -> Off2Class | H13: {=IFERROR(INDEX(AllLevels!F:F,MATCH($C$7&"|"&"Speaking",AllLevels!A:A,0)),"—")} -> 8/10 | I13: {=IFERROR(INDEX(AllLevels!H:H,MATCH($C$7&"|"&"Speaking",AllLevels!A:A,0)),"—")} -> Blended | J13: {=IFERROR(INDEX(AllLevels!J:J,MATCH($C$7&"|"&"Speaking",AllLevels!A:A,0)),"—")} -> Low | K13: {=IFERROR(IF(INDEX(AllLevels!K:K,MATCH($C$7&"|"&"Speaking",AllLevels!A:A,0))="Y","✓",IF(INDEX(AllLevels!L:L,MATCH($C$7&"|"&"Speaking",AllLevels!A:A,0))="Y","✓",IF(OR(INDEX(AllLevels!K:K,MATCH($C$7&"|"&"Speaking",AllLevels!A:A,0))="P",INDEX(AllLevels!L:L,MATCH($C$7&"|"&"Speaking",AllLevels!A:A,0))="P"),"~","⚠"))),"—")} -> ✓ | L13: {=IFERROR(IF(INDEX(AllLevels!M:M,MATCH($C$7&"|"&"Speaking",AllLevels!A:A,0))="Y","✓",IF(INDEX(AllLevels!N:N,MATCH($C$7&"|"&"Speaking",AllLevels!A:A,0))="Y","✓",IF(OR(INDEX(AllLevels!M:M,MATCH($C$7&"|"&"Speaking",AllLevels!A:A,0))="P",INDEX(AllLevels!N:N,MATCH($C$7&"|"&"Speaking",AllLevels!A:A,0))="P"),"~","⚠"))),"—")} -> ✓ | M13: {=IFERROR(IF(INDEX(AllLevels!O:O,MATCH($C$7&"|"&"Speaking",AllLevels!A:A,0))="Y","✓",IF(INDEX(AllLevels!P:P,MATCH($C$7&"|"&"Speaking",AllLevels!A:A,0))="Y","✓",IF(OR(INDEX(AllLevels!O:O,MATCH($C$7&"|"&"Speaking",AllLevels!A:A,0))="P",INDEX(AllLevels!P:P,MATCH($C$7&"|"&"Speaking",AllLevels!A:A,0))="P"),"~","⚠"))),"—")} -> ✓ | N13: {=IFERROR(IF(INDEX(AllLevels!Q:Q,MATCH($C$7&"|"&"Speaking",AllLevels!A:A,0))="Y","✓",IF(INDEX(AllLevels!R:R,MATCH($C$7&"|"&"Speaking",AllLevels!A:A,0))="Y","✓",IF(OR(INDEX(AllLevels!Q:Q,MATCH($C$7&"|"&"Speaking",AllLevels!A:A,0))="P",INDEX(AllLevels!R:R,MATCH($C$7&"|"&"Speaking",AllLevels!A:A,0))="P"),"~","⚠"))),"—")} -> ✓ | O13: {=IFERROR(IF(INDEX(AllLevels!S:S,MATCH($C$7&"|"&"Speaking",AllLevels!A:A,0))="Y","✓",IF(INDEX(AllLevels!T:T,MATCH($C$7&"|"&"Speaking",AllLevels!A:A,0))="Y","✓",IF(OR(INDEX(AllLevels!S:S,MATCH($C$7&"|"&"Speaking",AllLevels!A:A,0))="P",INDEX(AllLevels!T:T,MATCH($C$7&"|"&"Speaking",AllLevels!A:A,0))="P"),"~","⚠"))),"—")} -> ✓ | P13: =IF(=IFERROR(COUNTIF(K13:O13,"⚠"),0)=0,"✅ VITAL OK",IF(=IFERROR(COUNTIF(K13:O13,"⚠"),0)=1,"⚠ 1 gap","⛔ "&=IFERROR(COUNTIF(K13:O13,"⚠"),0)&" gaps")) -> #ERROR! | Q13: {=IFERROR(INDEX(AllLevels!U:U,MATCH($C$7&"|"&"Speaking",AllLevels!A:A,0)),"—")} -> Speaking at A1−: core=Elsaspeak, supp=Off2Class. Minus: heavy scaffolding. A-band: heavy scaffolding required. Sentence frames visible. No tool runs unsupported.
B14: Reading | C14: {=IFERROR(INDEX(AllLevels!C:C,MATCH($C$7&"|"&"Reading",AllLevels!A:A,0)),"—")} -> Learning Upgrade | D14: {=IFERROR(INDEX(AllLevels!E:E,MATCH($C$7&"|"&"Reading",AllLevels!A:A,0)),"—")} -> 8/10 | E14: {=IFERROR(INDEX(AllLevels!G:G,MATCH($C$7&"|"&"Reading",AllLevels!A:A,0)),"—")} -> Mostly independent | F14: {=IFERROR(INDEX(AllLevels!I:I,MATCH($C$7&"|"&"Reading",AllLevels!A:A,0)),"—")} -> Medium | G14: {=IFERROR(INDEX(AllLevels!D:D,MATCH($C$7&"|"&"Reading",AllLevels!A:A,0)),"—")} -> Off2Class | H14: {=IFERROR(INDEX(AllLevels!F:F,MATCH($C$7&"|"&"Reading",AllLevels!A:A,0)),"—")} -> 8/10 | I14: {=IFERROR(INDEX(AllLevels!H:H,MATCH($C$7&"|"&"Reading",AllLevels!A:A,0)),"—")} -> Blended | J14: {=IFERROR(INDEX(AllLevels!J:J,MATCH($C$7&"|"&"Reading",AllLevels!A:A,0)),"—")} -> Low | K14: {=IFERROR(IF(INDEX(AllLevels!K:K,MATCH($C$7&"|"&"Reading",AllLevels!A:A,0))="Y","✓",IF(INDEX(AllLevels!L:L,MATCH($C$7&"|"&"Reading",AllLevels!A:A,0))="Y","✓",IF(OR(INDEX(AllLevels!K:K,MATCH($C$7&"|"&"Reading",AllLevels!A:A,0))="P",INDEX(AllLevels!L:L,MATCH($C$7&"|"&"Reading",AllLevels!A:A,0))="P"),"~","⚠"))),"—")} -> ✓ | L14: {=IFERROR(IF(INDEX(AllLevels!M:M,MATCH($C$7&"|"&"Reading",AllLevels!A:A,0))="Y","✓",IF(INDEX(AllLevels!N:N,MATCH($C$7&"|"&"Reading",AllLevels!A:A,0))="Y","✓",IF(OR(INDEX(AllLevels!M:M,MATCH($C$7&"|"&"Reading",AllLevels!A:A,0))="P",INDEX(AllLevels!N:N,MATCH($C$7&"|"&"Reading",AllLevels!A:A,0))="P"),"~","⚠"))),"—")} -> ~ | M14: {=IFERROR(IF(INDEX(AllLevels!O:O,MATCH($C$7&"|"&"Reading",AllLevels!A:A,0))="Y","✓",IF(INDEX(AllLevels!P:P,MATCH($C$7&"|"&"Reading",AllLevels!A:A,0))="Y","✓",IF(OR(INDEX(AllLevels!O:O,MATCH($C$7&"|"&"Reading",AllLevels!A:A,0))="P",INDEX(AllLevels!P:P,MATCH($C$7&"|"&"Reading",AllLevels!A:A,0))="P"),"~","⚠"))),"—")} -> ✓ | N14: {=IFERROR(IF(INDEX(AllLevels!Q:Q,MATCH($C$7&"|"&"Reading",AllLevels!A:A,0))="Y","✓",IF(INDEX(AllLevels!R:R,MATCH($C$7&"|"&"Reading",AllLevels!A:A,0))="Y","✓",IF(OR(INDEX(AllLevels!Q:Q,MATCH($C$7&"|"&"Reading",AllLevels!A:A,0))="P",INDEX(AllLevels!R:R,MATCH($C$7&"|"&"Reading",AllLevels!A:A,0))="P"),"~","⚠"))),"—")} -> ✓ | O14: {=IFERROR(IF(INDEX(AllLevels!S:S,MATCH($C$7&"|"&"Reading",AllLevels!A:A,0))="Y","✓",IF(INDEX(AllLevels!T:T,MATCH($C$7&"|"&"Reading",AllLevels!A:A,0))="Y","✓",IF(OR(INDEX(AllLevels!S:S,MATCH($C$7&"|"&"Reading",AllLevels!A:A,0))="P",INDEX(AllLevels!T:T,MATCH($C$7&"|"&"Reading",AllLevels!A:A,0))="P"),"~","⚠"))),"—")} -> ✓ | P14: =IF(=IFERROR(COUNTIF(K14:O14,"⚠"),0)=0,"✅ VITAL OK",IF(=IFERROR(COUNTIF(K14:O14,"⚠"),0)=1,"⚠ 1 gap","⛔ "&=IFERROR(COUNTIF(K14:O14,"⚠"),0)&" gaps")) -> #ERROR! | Q14: {=IFERROR(INDEX(AllLevels!U:U,MATCH($C$7&"|"&"Reading",AllLevels!A:A,0)),"—")} -> Reading at A1−: core=Learning Upgrade, supp=Off2Class. Minus: heavy scaffolding. A-band: heavy scaffolding required. Sentence frames visible. No tool runs unsupported.
B15: Writing | C15: {=IFERROR(INDEX(AllLevels!C:C,MATCH($C$7&"|"&"Writing",AllLevels!A:A,0)),"—")} -> Learning Upgrade | D15: {=IFERROR(INDEX(AllLevels!E:E,MATCH($C$7&"|"&"Writing",AllLevels!A:A,0)),"—")} -> 8/10 | E15: {=IFERROR(INDEX(AllLevels!G:G,MATCH($C$7&"|"&"Writing",AllLevels!A:A,0)),"—")} -> Mostly independent | F15: {=IFERROR(INDEX(AllLevels!I:I,MATCH($C$7&"|"&"Writing",AllLevels!A:A,0)),"—")} -> Medium | G15: {=IFERROR(INDEX(AllLevels!D:D,MATCH($C$7&"|"&"Writing",AllLevels!A:A,0)),"—")} -> Off2Class | H15: {=IFERROR(INDEX(AllLevels!F:F,MATCH($C$7&"|"&"Writing",AllLevels!A:A,0)),"—")} -> 8/10 | I15: {=IFERROR(INDEX(AllLevels!H:H,MATCH($C$7&"|"&"Writing",AllLevels!A:A,0)),"—")} -> Blended | J15: {=IFERROR(INDEX(AllLevels!J:J,MATCH($C$7&"|"&"Writing",AllLevels!A:A,0)),"—")} -> Low | K15: {=IFERROR(IF(INDEX(AllLevels!K:K,MATCH($C$7&"|"&"Writing",AllLevels!A:A,0))="Y","✓",IF(INDEX(AllLevels!L:L,MATCH($C$7&"|"&"Writing",AllLevels!A:A,0))="Y","✓",IF(OR(INDEX(AllLevels!K:K,MATCH($C$7&"|"&"Writing",AllLevels!A:A,0))="P",INDEX(AllLevels!L:L,MATCH($C$7&"|"&"Writing",AllLevels!A:A,0))="P"),"~","⚠"))),"—")} -> ✓ | L15: {=IFERROR(IF(INDEX(AllLevels!M:M,MATCH($C$7&"|"&"Writing",AllLevels!A:A,0))="Y","✓",IF(INDEX(AllLevels!N:N,MATCH($C$7&"|"&"Writing",AllLevels!A:A,0))="Y","✓",IF(OR(INDEX(AllLevels!M:M,MATCH($C$7&"|"&"Writing",AllLevels!A:A,0))="P",INDEX(AllLevels!N:N,MATCH($C$7&"|"&"Writing",AllLevels!A:A,0))="P"),"~","⚠"))),"—")} -> ~ | M15: {=IFERROR(IF(INDEX(AllLevels!O:O,MATCH($C$7&"|"&"Writing",AllLevels!A:A,0))="Y","✓",IF(INDEX(AllLevels!P:P,MATCH($C$7&"|"&"Writing",AllLevels!A:A,0))="Y","✓",IF(OR(INDEX(AllLevels!O:O,MATCH($C$7&"|"&"Writing",AllLevels!A:A,0))="P",INDEX(AllLevels!P:P,MATCH($C$7&"|"&"Writing",AllLevels!A:A,0))="P"),"~","⚠"))),"—")} -> ✓ | N15: {=IFERROR(IF(INDEX(AllLevels!Q:Q,MATCH($C$7&"|"&"Writing",AllLevels!A:A,0))="Y","✓",IF(INDEX(AllLevels!R:R,MATCH($C$7&"|"&"Writing",AllLevels!A:A,0))="Y","✓",IF(OR(INDEX(AllLevels!Q:Q,MATCH($C$7&"|"&"Writing",AllLevels!A:A,0))="P",INDEX(AllLevels!R:R,MATCH($C$7&"|"&"Writing",AllLevels!A:A,0))="P"),"~","⚠"))),"—")} -> ✓ | O15: {=IFERROR(IF(INDEX(AllLevels!S:S,MATCH($C$7&"|"&"Writing",AllLevels!A:A,0))="Y","✓",IF(INDEX(AllLevels!T:T,MATCH($C$7&"|"&"Writing",AllLevels!A:A,0))="Y","✓",IF(OR(INDEX(AllLevels!S:S,MATCH($C$7&"|"&"Writing",AllLevels!A:A,0))="P",INDEX(AllLevels!T:T,MATCH($C$7&"|"&"Writing",AllLevels!A:A,0))="P"),"~","⚠"))),"—")} -> ✓ | P15: =IF(=IFERROR(COUNTIF(K15:O15,"⚠"),0)=0,"✅ VITAL OK",IF(=IFERROR(COUNTIF(K15:O15,"⚠"),0)=1,"⚠ 1 gap","⛔ "&=IFERROR(COUNTIF(K15:O15,"⚠"),0)&" gaps")) -> #ERROR! | Q15: {=IFERROR(INDEX(AllLevels!U:U,MATCH($C$7&"|"&"Writing",AllLevels!A:A,0)),"—")} -> Writing at A1−: core=Learning Upgrade, supp=Off2Class. Minus: heavy scaffolding. A-band: heavy scaffolding required. Sentence frames visible. No tool runs unsupported.
B16: Grammar | C16: {=IFERROR(INDEX(AllLevels!C:C,MATCH($C$7&"|"&"Grammar",AllLevels!A:A,0)),"—")} -> Learning Upgrade | D16: {=IFERROR(INDEX(AllLevels!E:E,MATCH($C$7&"|"&"Grammar",AllLevels!A:A,0)),"—")} -> 8/10 | E16: {=IFERROR(INDEX(AllLevels!G:G,MATCH($C$7&"|"&"Grammar",AllLevels!A:A,0)),"—")} -> Mostly independent | F16: {=IFERROR(INDEX(AllLevels!I:I,MATCH($C$7&"|"&"Grammar",AllLevels!A:A,0)),"—")} -> Medium | G16: {=IFERROR(INDEX(AllLevels!D:D,MATCH($C$7&"|"&"Grammar",AllLevels!A:A,0)),"—")} -> Off2Class | H16: {=IFERROR(INDEX(AllLevels!F:F,MATCH($C$7&"|"&"Grammar",AllLevels!A:A,0)),"—")} -> 8/10 | I16: {=IFERROR(INDEX(AllLevels!H:H,MATCH($C$7&"|"&"Grammar",AllLevels!A:A,0)),"—")} -> Blended | J16: {=IFERROR(INDEX(AllLevels!J:J,MATCH($C$7&"|"&"Grammar",AllLevels!A:A,0)),"—")} -> Low | K16: {=IFERROR(IF(INDEX(AllLevels!K:K,MATCH($C$7&"|"&"Grammar",AllLevels!A:A,0))="Y","✓",IF(INDEX(AllLevels!L:L,MATCH($C$7&"|"&"Grammar",AllLevels!A:A,0))="Y","✓",IF(OR(INDEX(AllLevels!K:K,MATCH($C$7&"|"&"Grammar",AllLevels!A:A,0))="P",INDEX(AllLevels!L:L,MATCH($C$7&"|"&"Grammar",AllLevels!A:A,0))="P"),"~","⚠"))),"—")} -> ✓ | L16: {=IFERROR(IF(INDEX(AllLevels!M:M,MATCH($C$7&"|"&"Grammar",AllLevels!A:A,0))="Y","✓",IF(INDEX(AllLevels!N:N,MATCH($C$7&"|"&"Grammar",AllLevels!A:A,0))="Y","✓",IF(OR(INDEX(AllLevels!M:M,MATCH($C$7&"|"&"Grammar",AllLevels!A:A,0))="P",INDEX(AllLevels!N:N,MATCH($C$7&"|"&"Grammar",AllLevels!A:A,0))="P"),"~","⚠"))),"—")} -> ~ | M16: {=IFERROR(IF(INDEX(AllLevels!O:O,MATCH($C$7&"|"&"Grammar",AllLevels!A:A,0))="Y","✓",IF(INDEX(AllLevels!P:P,MATCH($C$7&"|"&"Grammar",AllLevels!A:A,0))="Y","✓",IF(OR(INDEX(AllLevels!O:O,MATCH($C$7&"|"&"Grammar",AllLevels!A:A,0))="P",INDEX(AllLevels!P:P,MATCH($C$7&"|"&"Grammar",AllLevels!A:A,0))="P"),"~","⚠"))),"—")} -> ✓ | N16: {=IFERROR(IF(INDEX(AllLevels!Q:Q,MATCH($C$7&"|"&"Grammar",AllLevels!A:A,0))="Y","✓",IF(INDEX(AllLevels!R:R,MATCH($C$7&"|"&"Grammar",AllLevels!A:A,0))="Y","✓",IF(OR(INDEX(AllLevels!Q:Q,MATCH($C$7&"|"&"Grammar",AllLevels!A:A,0))="P",INDEX(AllLevels!R:R,MATCH($C$7&"|"&"Grammar",AllLevels!A:A,0))="P"),"~","⚠"))),"—")} -> ✓ | O16: {=IFERROR(IF(INDEX(AllLevels!S:S,MATCH($C$7&"|"&"Grammar",AllLevels!A:A,0))="Y","✓",IF(INDEX(AllLevels!T:T,MATCH($C$7&"|"&"Grammar",AllLevels!A:A,0))="Y","✓",IF(OR(INDEX(AllLevels!S:S,MATCH($C$7&"|"&"Grammar",AllLevels!A:A,0))="P",INDEX(AllLevels!T:T,MATCH($C$7&"|"&"Grammar",AllLevels!A:A,0))="P"),"~","⚠"))),"—")} -> ✓ | P16: =IF(=IFERROR(COUNTIF(K16:O16,"⚠"),0)=0,"✅ VITAL OK",IF(=IFERROR(COUNTIF(K16:O16,"⚠"),0)=1,"⚠ 1 gap","⛔ "&=IFERROR(COUNTIF(K16:O16,"⚠"),0)&" gaps")) -> #ERROR! | Q16: {=IFERROR(INDEX(AllLevels!U:U,MATCH($C$7&"|"&"Grammar",AllLevels!A:A,0)),"—")} -> Grammar at A1−: core=Learning Upgrade, supp=Off2Class. Minus: heavy scaffolding. A-band: heavy scaffolding required. Sentence frames visible. No tool runs unsupported.
B18: VITAL coverage across all 6 skills at this level:
B19: Cross-skill pillar summary: | K19: =IF(=COUNTIF(K11:K16,"⚠")=0,"✅ V — all 6 skills",IF(=COUNTIF(K11:K16,"⚠")=1,"⚠ V — 1 skill gap","⛔ V — "&=COUNTIF(K11:K16,"⚠")&" skill gaps")) -> #ERROR! | L19: =IF(=COUNTIF(L11:L16,"⚠")=0,"✅ I — all 6 skills",IF(=COUNTIF(L11:L16,"⚠")=1,"⚠ I — 1 skill gap","⛔ I — "&=COUNTIF(L11:L16,"⚠")&" skill gaps")) -> #ERROR! | M19: =IF(=COUNTIF(M11:M16,"⚠")=0,"✅ T — all 6 skills",IF(=COUNTIF(M11:M16,"⚠")=1,"⚠ T — 1 skill gap","⛔ T — "&=COUNTIF(M11:M16,"⚠")&" skill gaps")) -> #ERROR! | N19: =IF(=COUNTIF(N11:N16,"⚠")=0,"✅ A — all 6 skills",IF(=COUNTIF(N11:N16,"⚠")=1,"⚠ A — 1 skill gap","⛔ A — "&=COUNTIF(N11:N16,"⚠")&" skill gaps")) -> #ERROR! | O19: =IF(=COUNTIF(O11:O16,"⚠")=0,"✅ L — all 6 skills",IF(=COUNTIF(O11:O16,"⚠")=1,"⚠ L — 1 skill gap","⛔ L — "&=COUNTIF(O11:O16,"⚠")&" skill gaps")) -> #ERROR!
B21: =IF(COUNTIF(K11:O16,"⚠")=0,"✅ Full period stack VITAL-compliant across all 6 skills",IF(COUNTIF(K11:O16,"⚠")<=3,"⚠ "&COUNTIF(K11:O16,"⚠")&" VITAL gaps — teacher must design these in","⛔ "&COUNTIF(K11:O16,"⚠")&" VITAL gaps — review tool selection significantly")) -> ✅ Full period stack VITAL-compliant across all 6 skills

Sheet Full Stack Grid
B2: Full Stack Grid — All 6 Skills × 22 Sub-levels · Core Tool per Cell · 28 Tools
B3: Bold = Core · (italic) = Supplementary · ✅ all pillars · ⚠ 1 gap · ⛔ 2+ gaps · Purple = non-CEFR bands · Grey = A0
B5: Skill | C5: Row | D5: A0 | E5: A1− | F5: A1 | G5: A1+ | H5: A2− | I5: A2 | J5: A2+ | K5: B1− | L5: B1 | M5: B1+ | N5: B1.5− | O5: B1.5 | P5: B1.5+ | Q5: B2− | R5: B2 | S5: B2+ | T5: B2.5− | U5: B2.5 | V5: B2.5+ | W5: C1− | X5: C1 | Y5: C1+
B6: Vocabulary | C6: Core | D6: Learning Upgrade | E6: Learning Upgrade | F6: Learning Upgrade | G6: Learning Upgrade | H6: Learning Upgrade | I6: Learning Upgrade | J6: Learning Upgrade | K6: Learning Upgrade | L6: Learning Upgrade | M6: Learning Upgrade | N6: Elsaspeak | O6: Elsaspeak | P6: Elsaspeak | Q6: Elsaspeak | R6: Elsaspeak | S6: Elsaspeak | T6: Nearpod | U6: Nearpod | V6: Nearpod | W6: Nearpod | X6: Nearpod | Y6: Nearpod
C7: Supp | D7: (Jolly Phonics) | E7: (Off2Class) | F7: (Off2Class) | G7: (Off2Class) | H7: (Off2Class) | I7: (Off2Class) | J7: (Off2Class) | K7: (Off2Class) | L7: (Off2Class) | M7: (Off2Class) | N7: (Off2Class) | O7: (Off2Class) | P7: (Off2Class) | Q7: (Off2Class) | R7: (Off2Class) | S7: (Off2Class) | T7: (Off2Class) | U7: (Off2Class) | V7: (Off2Class) | W7: (Off2Class) | X7: (Off2Class) | Y7: (Off2Class)
C8: VITAL | D8: ✅ | E8: ✅ | F8: ✅ | G8: ✅ | H8: ✅ | I8: ✅ | J8: ✅ | K8: ✅ | L8: ✅ | M8: ✅ | N8: ✅ | O8: ✅ | P8: ✅ | Q8: ✅ | R8: ✅ | S8: ✅ | T8: ✅ | U8: ✅ | V8: ✅ | W8: ✅ | X8: ✅ | Y8: ✅
B10: Listening | C10: Core | D10: Learning Upgrade | E10: Learning Upgrade | F10: Learning Upgrade | G10: Learning Upgrade | H10: Learning Upgrade | I10: Learning Upgrade | J10: Learning Upgrade | K10: Learning Upgrade | L10: Learning Upgrade | M10: Learning Upgrade | N10: Elsaspeak | O10: Elsaspeak | P10: Elsaspeak | Q10: Elsaspeak | R10: Elsaspeak | S10: Elsaspeak | T10: Nearpod | U10: Nearpod | V10: Nearpod | W10: Nearpod | X10: Nearpod | Y10: Nearpod
C11: Supp | D11: (Flipgrid) | E11: (Off2Class) | F11: (Off2Class) | G11: (Off2Class) | H11: (Off2Class) | I11: (Off2Class) | J11: (Off2Class) | K11: (Off2Class) | L11: (Off2Class) | M11: (Off2Class) | N11: (Off2Class) | O11: (Off2Class) | P11: (Off2Class) | Q11: (Off2Class) | R11: (Off2Class) | S11: (Off2Class) | T11: (Off2Class) | U11: (Off2Class) | V11: (Off2Class) | W11: (Off2Class) | X11: (Off2Class) | Y11: (Off2Class)
C12: VITAL | D12: ✅ | E12: ✅ | F12: ✅ | G12: ✅ | H12: ✅ | I12: ✅ | J12: ✅ | K12: ✅ | L12: ✅ | M12: ✅ | N12: ✅ | O12: ✅ | P12: ✅ | Q12: ✅ | R12: ✅ | S12: ✅ | T12: ✅ | U12: ✅ | V12: ✅ | W12: ✅ | X12: ✅ | Y12: ✅
B14: Speaking | C14: Core | D14: Flipgrid | E14: Elsaspeak | F14: Elsaspeak | G14: Elsaspeak | H14: Elsaspeak | I14: Elsaspeak | J14: Elsaspeak | K14: Elsaspeak | L14: Elsaspeak | M14: Elsaspeak | N14: Elsaspeak | O14: Elsaspeak | P14: Elsaspeak | Q14: Elsaspeak | R14: Elsaspeak | S14: Elsaspeak | T14: Nearpod | U14: Nearpod | V14: Nearpod | W14: Nearpod | X14: Nearpod | Y14: Nearpod
C15: Supp | D15: (Duolingo) | E15: (Off2Class) | F15: (Off2Class) | G15: (Off2Class) | H15: (Off2Class) | I15: (Off2Class) | J15: (Off2Class) | K15: (Off2Class) | L15: (Off2Class) | M15: (Off2Class) | N15: (Off2Class) | O15: (Off2Class) | P15: (Off2Class) | Q15: (Off2Class) | R15: (Off2Class) | S15: (Off2Class) | T15: (Off2Class) | U15: (Off2Class) | V15: (Off2Class) | W15: (Off2Class) | X15: (Off2Class) | Y15: (Off2Class)
C16: VITAL | D16: ✅ | E16: ✅ | F16: ✅ | G16: ✅ | H16: ✅ | I16: ✅ | J16: ✅ | K16: ✅ | L16: ✅ | M16: ✅ | N16: ✅ | O16: ✅ | P16: ✅ | Q16: ✅ | R16: ✅ | S16: ✅ | T16: ✅ | U16: ✅ | V16: ✅ | W16: ✅ | X16: ✅ | Y16: ✅
B18: Reading | C18: Core | D18: Learning Upgrade | E18: Learning Upgrade | F18: Learning Upgrade | G18: Learning Upgrade | H18: Learning Upgrade | I18: Learning Upgrade | J18: Learning Upgrade | K18: Learning Upgrade | L18: Learning Upgrade | M18: Learning Upgrade | N18: Nearpod | O18: Nearpod | P18: Nearpod | Q18: Nearpod | R18: Nearpod | S18: Nearpod | T18: Nearpod | U18: Nearpod | V18: Nearpod | W18: Nearpod | X18: Nearpod | Y18: Nearpod
C19: Supp | D19: (Jolly Phonics) | E19: (Off2Class) | F19: (Off2Class) | G19: (Off2Class) | H19: (Off2Class) | I19: (Off2Class) | J19: (Off2Class) | K19: (Off2Class) | L19: (Off2Class) | M19: (Off2Class) | N19: (Off2Class) | O19: (Off2Class) | P19: (Off2Class) | Q19: (Off2Class) | R19: (Off2Class) | S19: (Off2Class) | T19: (Off2Class) | U19: (Off2Class) | V19: (Off2Class) | W19: (Off2Class) | X19: (Off2Class) | Y19: (Off2Class)
C20: VITAL | D20: ✅ | E20: ✅ | F20: ✅ | G20: ✅ | H20: ✅ | I20: ✅ | J20: ✅ | K20: ✅ | L20: ✅ | M20: ✅ | N20: ✅ | O20: ✅ | P20: ✅ | Q20: ✅ | R20: ✅ | S20: ✅ | T20: ✅ | U20: ✅ | V20: ✅ | W20: ✅ | X20: ✅ | Y20: ✅
B22: Writing | C22: Core | D22: Learning Upgrade | E22: Learning Upgrade | F22: Learning Upgrade | G22: Learning Upgrade | H22: Learning Upgrade | I22: Learning Upgrade | J22: Learning Upgrade | K22: Learning Upgrade | L22: Learning Upgrade | M22: Learning Upgrade | N22: Write & Improve | O22: Write & Improve | P22: Write & Improve | Q22: Write & Improve | R22: Write & Improve | S22: Write & Improve | T22: Write & Improve | U22: Write & Improve | V22: Write & Improve | W22: Write & Improve | X22: Write & Improve | Y22: Write & Improve
C23: Supp | D23: (Duolingo) | E23: (Off2Class) | F23: (Off2Class) | G23: (Off2Class) | H23: (Off2Class) | I23: (Off2Class) | J23: (Off2Class) | K23: (Off2Class) | L23: (Off2Class) | M23: (Off2Class) | N23: (Off2Class) | O23: (Off2Class) | P23: (Off2Class) | Q23: (Off2Class) | R23: (Off2Class) | S23: (Off2Class) | T23: (Off2Class) | U23: (Off2Class) | V23: (Off2Class) | W23: (Off2Class) | X23: (Off2Class) | Y23: (Off2Class)
C24: VITAL | D24: ✅ | E24: ✅ | F24: ✅ | G24: ✅ | H24: ✅ | I24: ✅ | J24: ✅ | K24: ✅ | L24: ✅ | M24: ✅ | N24: ✅ | O24: ✅ | P24: ✅ | Q24: ✅ | R24: ✅ | S24: ✅ | T24: ✅ | U24: ✅ | V24: ✅ | W24: ✅ | X24: ✅ | Y24: ✅
B26: Grammar | C26: Core | D26: Learning Upgrade | E26: Learning Upgrade | F26: Learning Upgrade | G26: Learning Upgrade | H26: Learning Upgrade | I26: Learning Upgrade | J26: Learning Upgrade | K26: Learning Upgrade | L26: Learning Upgrade | M26: Learning Upgrade | N26: Elsaspeak | O26: Elsaspeak | P26: Elsaspeak | Q26: Elsaspeak | R26: Elsaspeak | S26: Elsaspeak | T26: Nearpod | U26: Nearpod | V26: Nearpod | W26: Nearpod | X26: Nearpod | Y26: Nearpod
C27: Supp | D27: (Jolly Phonics) | E27: (Off2Class) | F27: (Off2Class) | G27: (Off2Class) | H27: (Off2Class) | I27: (Off2Class) | J27: (Off2Class) | K27: (Off2Class) | L27: (Off2Class) | M27: (Off2Class) | N27: (Off2Class) | O27: (Off2Class) | P27: (Off2Class) | Q27: (Off2Class) | R27: (Off2Class) | S27: (Off2Class) | T27: (Off2Class) | U27: (Off2Class) | V27: (Off2Class) | W27: (Off2Class) | X27: (Off2Class) | Y27: (Off2Class)
C28: VITAL | D28: ✅ | E28: ✅ | F28: ✅ | G28: ✅ | H28: ✅ | I28: ✅ | J28: ✅ | K28: ✅ | L28: ✅ | M28: ✅ | N28: ✅ | O28: ✅ | P28: ✅ | Q28: ✅ | R28: ✅ | S28: ✅ | T28: ✅ | U28: ✅ | V28: ✅ | W28: ✅ | X28: ✅ | Y28: ✅
